id,email,password,name,gender,ip_address,avatar
1,gmelbert0@amazon.de,ws7spJADuRhC,Gusti Melbert,Female,103.29.9.142,https://robohash.org/essequidemid.jpg?size=50x50&set=set1
2,gosmond1@addthis.com,jzLsNDHry,Glenn Osmond,Male,212.114.160.45,https://robohash.org/ullamoptiout.bmp?size=50x50&set=set1
3,raveyard2@netvibes.com,ntJrbq,Roanna Aveyard,Female,20.201.30.55,https://robohash.org/molestiaeexcepturiesse.png?size=50x50&set=set1
4,rmellows3@wikia.com,KpLHZ70T,Reggie Mellows,Male,54.154.95.33,https://robohash.org/eumprovidentdelectus.png?size=50x50&set=set1
5,nstodd4@ca.gov,pSpiMFNWMBRj,Noak Stodd,Female,164.192.195.234,https://robohash.org/quiaquaedignissimos.png?size=50x50&set=set1
6,pfontes5@gov.uk,hN0KYS,Priscilla Fontes,Female,68.58.244.247,https://robohash.org/dolorveniamlaborum.bmp?size=50x50&set=set1
7,ifettis6@rediff.com,VivbewIjo2,Iris Fettis,Female,216.76.219.31,https://robohash.org/architectoquimagni.png?size=50x50&set=set1
8,crobilart7@elpais.com,uyUF7yk,Carissa Robilart,Female,52.174.210.81,https://robohash.org/quitemporibusut.jpg?size=50x50&set=set1
9,ccotesford8@slate.com,kMShpPD5K,Cordelie Cotesford,Female,191.86.134.243,https://robohash.org/autemomnisdelectus.jpg?size=50x50&set=set1
10,cbucky9@adobe.com,wcJA4g,Ceil Bucky,Male,23.241.30.132,https://robohash.org/quidoloribusvoluptates.png?size=50x50&set=set1
11,aatterleya@arizona.edu,iUpqJ3eFlWu,Alina Atterley,Male,152.128.231.55,https://robohash.org/repellatquibusdamcorrupti.png?size=50x50&set=set1
12,bmacfadzanb@issuu.com,WYc4B2VCKi6Y,Binni MacFadzan,Female,249.175.46.4,https://robohash.org/providentmaioresperferendis.png?size=50x50&set=set1
13,acawsonc@google.ru,ZGiEY5io38r,Alberik Cawson,Female,212.19.166.214,https://robohash.org/estdoloressequi.bmp?size=50x50&set=set1
14,dpavelkad@example.com,0cEiqogCM154,Dalis Pavelka,Male,109.245.25.99,https://robohash.org/vitaelaborevoluptas.png?size=50x50&set=set1
15,kalgere@apache.org,kTrz7x6i7Z,Konstantin Alger,Male,92.160.253.230,https://robohash.org/quiarerumvoluptatem.jpg?size=50x50&set=set1
16,mmorleyf@auda.org.au,iQWJy62,Marylinda Morley,Female,104.232.121.238,https://robohash.org/saepeoptiout.png?size=50x50&set=set1
17,adeardeng@independent.co.uk,qAzKtu,Adolphe Dearden,Female,35.75.221.128,https://robohash.org/aliasnisirecusandae.bmp?size=50x50&set=set1
18,spohlakh@google.com,ZAyYmE,Sorcha Pohlak,Male,76.11.76.204,https://robohash.org/essequaeratodit.bmp?size=50x50&set=set1
19,snutoni@japanpost.jp,8EQbxOG9vvpQ,Shepard Nuton,Male,20.102.114.158,https://robohash.org/exeligendirepellendus.bmp?size=50x50&set=set1
20,cbarnewillej@angelfire.com,A8zzeth3t,Casper Barnewille,Female,2.252.96.96,https://robohash.org/laboreanimialiquid.jpg?size=50x50&set=set1
21,cbarnewellk@webnode.com,7q4tkBaL,Corabella Barnewell,Male,169.120.92.6,https://robohash.org/afacilisunde.jpg?size=50x50&set=set1
22,ablaszkiewiczl@dyndns.org,daoMq2ruJO,Abey Blaszkiewicz,Male,58.219.157.34,https://robohash.org/reprehenderitipsamincidunt.jpg?size=50x50&set=set1
23,olazellm@hostgator.com,45TCSXSK,Olia Lazell,Male,223.248.108.116,https://robohash.org/fugaesseincidunt.bmp?size=50x50&set=set1
24,rstillingn@amazon.co.uk,iXewDewp,Raine Stilling,Female,81.140.51.78,https://robohash.org/repudiandaeipsamcumque.png?size=50x50&set=set1
25,ljakovijevico@bluehost.com,43wIL1fC,Levon Jakovijevic,Female,168.114.155.169,https://robohash.org/molestiascorporisex.jpg?size=50x50&set=set1
26,growstonp@ocn.ne.jp,SepFRZFniwd,Giovanni Rowston,Male,173.106.175.176,https://robohash.org/explicaboetnam.jpg?size=50x50&set=set1
27,ctembridgeq@devhub.com,WGug76oLYc,Clarey Tembridge,Male,220.245.171.191,https://robohash.org/recusandaenecessitatibussuscipit.png?size=50x50&set=set1
28,gtrevenur@vk.com,th0Xshs36I3,Goddard Trevenu,Male,70.58.23.239,https://robohash.org/quiasedsit.jpg?size=50x50&set=set1
29,mlonders@cargocollective.com,7ashzGJi,Miguel Londer,Male,203.241.204.34,https://robohash.org/quomodiet.jpg?size=50x50&set=set1
30,mwrixont@sun.com,DV9Npyev5Mvc,Margarita Wrixon,Female,84.105.222.203,https://robohash.org/maximenemovoluptatem.jpg?size=50x50&set=set1
31,dbiddissu@jiathis.com,QgLDIt,Dorette Biddiss,Female,189.243.36.48,https://robohash.org/omniscupiditatedicta.png?size=50x50&set=set1
32,gthomlinsonv@wordpress.org,G8M3YzEr3akp,Gale Thomlinson,Male,11.187.92.207,https://robohash.org/necessitatibusaccusamusexercitationem.jpg?size=50x50&set=set1
33,dharoldw@blogspot.com,LfHenBRp0QO,Dotti Harold,Female,109.22.170.118,https://robohash.org/dolorerationeeius.bmp?size=50x50&set=set1
34,lloheringx@google.com.hk,MZWsVUeiYS,Lamond Lohering,Male,35.140.16.8,https://robohash.org/molestiaeconsecteturet.bmp?size=50x50&set=set1
35,ehavicky@tinyurl.com,GqWtPi0,Essy Havick,Male,160.71.152.187,https://robohash.org/quaslaboriosamnumquam.jpg?size=50x50&set=set1
36,mvaynez@apple.com,XftYWpNpgYsz,Min Vayne,Male,33.206.73.178,https://robohash.org/ipsamquiaqui.png?size=50x50&set=set1
37,esommerville10@ezinearticles.com,XCuQIoBAsx,Emelina Sommerville,Male,243.216.220.33,https://robohash.org/rerumsunttenetur.png?size=50x50&set=set1
38,dlevee11@usgs.gov,6oP1TF,Dinnie Levee,Female,166.205.204.152,https://robohash.org/estliberodolor.bmp?size=50x50&set=set1
39,ggreenhall12@mac.com,duw8W6J,Gibbie Greenhall,Male,172.207.48.79,https://robohash.org/recusandaefugaest.jpg?size=50x50&set=set1
40,kmckinless13@bbb.org,FEK0UuGBJ,Karia McKinless,Female,165.69.248.30,https://robohash.org/dolorconsecteturad.jpg?size=50x50&set=set1
41,lbartoleyn14@barnesandnoble.com,b9RCcU,Liam Bartoleyn,Female,249.155.100.202,https://robohash.org/blanditiisvoluptatumaliquid.png?size=50x50&set=set1
42,pdows15@forbes.com,1mdpOzSmtT,Patience Dows,Male,85.203.41.21,https://robohash.org/doloremquodcommodi.jpg?size=50x50&set=set1
43,kbarends16@hostgator.com,f1VxQEHg8RI,Kain Barends,Female,92.159.54.99,https://robohash.org/atnonfuga.png?size=50x50&set=set1
44,mbellhouse17@goodreads.com,juzCEv,Madelin Bellhouse,Male,254.62.245.23,https://robohash.org/eumquasitenetur.png?size=50x50&set=set1
45,pharrie18@diigo.com,4B32sC0Er,Pat Harrie,Female,199.124.45.171,https://robohash.org/etestquod.jpg?size=50x50&set=set1
46,mdi19@dmoz.org,1Yr1rqrxSA,Moina Di Batista,Male,142.139.41.247,https://robohash.org/undenemorerum.png?size=50x50&set=set1
47,hpickhaver1a@ucoz.ru,NaSp8G,Holden Pickhaver,Male,211.159.39.232,https://robohash.org/quaeblanditiiscorrupti.png?size=50x50&set=set1
48,ealexsandrov1b@sitemeter.com,GJuSPQUwH,Emili Alexsandrov,Female,75.17.21.236,https://robohash.org/dolormolestiaeesse.bmp?size=50x50&set=set1
49,mmuzzi1c@bluehost.com,VUR0modkHv8c,Madelyn Muzzi,Male,138.214.162.226,https://robohash.org/quianonquis.jpg?size=50x50&set=set1
50,rbeadles1d@sohu.com,04RrU6tGGQsh,Rosie Beadles,Female,139.125.115.131,https://robohash.org/dolorumexcepturivel.png?size=50x50&set=set1
51,owestby1e@a8.net,6ohSSLTD,Orlando Westby,Female,79.5.61.59,https://robohash.org/aperiamapossimus.png?size=50x50&set=set1
52,tgalbraeth1f@blogs.com,WTntwJ2Yp,Tobye Galbraeth,Female,74.112.35.223,https://robohash.org/etomnisqui.png?size=50x50&set=set1
53,dchamberlin1g@tiny.cc,9w6DH4Pb,Danica Chamberlin,Male,167.72.192.131,https://robohash.org/beataerationeeos.bmp?size=50x50&set=set1
54,epharro1h@fotki.com,1KvYAeGT,Ema Pharro,Female,166.71.238.117,https://robohash.org/quiautet.png?size=50x50&set=set1
55,lmichelmore1i@archive.org,Do2qMa2r,Lauritz Michelmore,Male,27.73.79.22,https://robohash.org/nesciuntmagnibeatae.png?size=50x50&set=set1
56,jommanney1j@squidoo.com,y6nYyI7BUNk,Jaine Ommanney,Female,199.30.75.139,https://robohash.org/faceredictaatque.jpg?size=50x50&set=set1
57,atillot1k@imgur.com,bbolSR,Ashla Tillot,Male,92.19.102.227,https://robohash.org/quamutnihil.png?size=50x50&set=set1
58,csillwood1l@washingtonpost.com,Q5ilqsEjSBIk,Chip Sillwood,Female,53.143.206.110,https://robohash.org/sedconsecteturatque.bmp?size=50x50&set=set1
59,libbetson1m@webmd.com,QNQ09Hq,Laurene Ibbetson,Female,83.27.198.43,https://robohash.org/beataesitvoluptatem.bmp?size=50x50&set=set1
60,mhadcock1n@abc.net.au,effcTLKsnbS,Moreen Hadcock,Male,168.156.120.58,https://robohash.org/illomagnamnecessitatibus.png?size=50x50&set=set1
61,clongmate1o@google.com.hk,tQGiBB0J,Claus Longmate,Female,119.22.227.5,https://robohash.org/nobisadolore.png?size=50x50&set=set1
62,smillwall1p@sun.com,pe5wqRxAT,Schuyler Millwall,Female,251.75.223.249,https://robohash.org/quianiminisi.bmp?size=50x50&set=set1
63,ckeuneke1q@dell.com,hm6IxJ,Cassie Keuneke,Female,59.48.35.124,https://robohash.org/quiadipiscierror.bmp?size=50x50&set=set1
64,gpedri1r@ihg.com,cE7WpudTjq5R,Gunter Pedri,Female,45.43.118.176,https://robohash.org/teneturreiciendisatque.png?size=50x50&set=set1
65,acawkill1s@slashdot.org,9k0T5RKAe7p,Antony Cawkill,Female,54.11.181.103,https://robohash.org/doloresevenietsint.jpg?size=50x50&set=set1
66,awood1t@sohu.com,y9FVEzHP,Anallise Wood,Female,152.50.184.101,https://robohash.org/quodomnisquidem.jpg?size=50x50&set=set1
67,jkarpushkin1u@ustream.tv,OugKM3,Jeanelle Karpushkin,Male,53.84.107.7,https://robohash.org/molestiaenonvitae.png?size=50x50&set=set1
68,scradey1v@umich.edu,mssSYLWiNy,Steffen Cradey,Male,242.249.216.48,https://robohash.org/distinctiosedplaceat.bmp?size=50x50&set=set1
69,cmerritt1w@independent.co.uk,6ldIzVDzL3,Colin Merritt,Male,127.211.154.253,https://robohash.org/architectoearumipsa.png?size=50x50&set=set1
70,efarny1x@apple.com,91CDUjX22RRb,Edee Farny,Male,37.16.216.249,https://robohash.org/fugiatvelfacere.jpg?size=50x50&set=set1
71,sdiggens1y@4shared.com,n8xt0kxFY,Shaylynn Diggens,Male,162.251.227.134,https://robohash.org/enimutesse.bmp?size=50x50&set=set1
72,cromagosa1z@istockphoto.com,KJKfgfHiX,Carlota Romagosa,Female,197.67.97.4,https://robohash.org/sapientemagnilabore.jpg?size=50x50&set=set1
73,rhirtz20@topsy.com,CSrrc9YXsc19,Royall Hirtz,Male,244.248.123.191,https://robohash.org/molestiaevitaedolorem.jpg?size=50x50&set=set1
74,amishaw21@japanpost.jp,ne909gXA,Aubert Mishaw,Male,172.120.67.83,https://robohash.org/architectooditmagni.png?size=50x50&set=set1
75,scorbie22@springer.com,hUwCDINf2DoC,Sheilakathryn Corbie,Male,54.22.79.25,https://robohash.org/nihilbeataefugiat.png?size=50x50&set=set1
76,cgidman23@youku.com,5MSSj0g,Chelsae Gidman,Female,176.140.239.161,https://robohash.org/quidemlaboreea.bmp?size=50x50&set=set1
77,sgalbreth24@deviantart.com,fl49ZmT,Saundra Galbreth,Male,181.165.3.246,https://robohash.org/autnatusaut.png?size=50x50&set=set1
78,tlawlee25@free.fr,sdQUufb,Tanhya Lawlee,Male,23.78.26.189,https://robohash.org/quasiquodut.png?size=50x50&set=set1
79,ikrug26@businesswire.com,kHVu6TpLNc27,Iggie Krug,Male,88.87.155.205,https://robohash.org/animiestet.jpg?size=50x50&set=set1
80,igirling27@instagram.com,LPRcwbvvEJ6,Ingelbert Girling,Male,199.108.151.185,https://robohash.org/veroundefacere.png?size=50x50&set=set1
81,eburberye28@wiley.com,9FrQN6dWqR,Evey Burberye,Male,45.175.204.205,https://robohash.org/commodiiustodolores.png?size=50x50&set=set1
82,dlarcher29@oakley.com,mj77IVW4zP3,Delilah Larcher,Male,25.42.71.78,https://robohash.org/sequiquaenesciunt.png?size=50x50&set=set1
83,achristoforou2a@reverbnation.com,ZOQv8oT5,Amos Christoforou,Male,193.6.150.3,https://robohash.org/etimpeditlibero.jpg?size=50x50&set=set1
84,tjardine2b@themeforest.net,DDvo4VCw,Trumaine Jardine,Male,69.13.56.160,https://robohash.org/repudiandaevelnihil.jpg?size=50x50&set=set1
85,sguesford2c@digg.com,VVaXIGlARA,Sherye Guesford,Male,63.95.82.38,https://robohash.org/iurequasconsequatur.jpg?size=50x50&set=set1
86,ctilberry2d@bing.com,MxPjiVfSLq,Cherlyn Tilberry,Female,57.51.39.154,https://robohash.org/illoetbeatae.jpg?size=50x50&set=set1
87,lgilliver2e@nydailynews.com,eCRF7CUpjfz,Leelah Gilliver,Female,149.3.105.227,https://robohash.org/molestiaeblanditiisofficia.bmp?size=50x50&set=set1
88,agouldthorp2f@seesaa.net,LczyupUJ,Alyce Gouldthorp,Male,24.221.197.42,https://robohash.org/quieoseius.jpg?size=50x50&set=set1
89,gfold2g@princeton.edu,hLj0MlHwG,Ganny Fold,Male,82.252.100.232,https://robohash.org/verovoluptatummolestiae.bmp?size=50x50&set=set1
90,kleverett2h@netvibes.com,D81jAoJkl,Kale Leverett,Male,141.111.224.78,https://robohash.org/dolorestdolores.jpg?size=50x50&set=set1
91,ndinjes2i@slashdot.org,nPMMJo5jkIn,Nertie Dinjes,Male,81.105.185.126,https://robohash.org/autadipisciincidunt.jpg?size=50x50&set=set1
92,tmaccallam2j@plala.or.jp,GEFlUzBiB,Thorndike MacCallam,Male,48.206.20.95,https://robohash.org/insuntet.jpg?size=50x50&set=set1
93,chails2k@wikipedia.org,P5NRBp,Caro Hails,Female,102.86.25.125,https://robohash.org/voluptatemestlibero.jpg?size=50x50&set=set1
94,ascole2l@tuttocitta.it,1mNk6mQn,Alina Scole,Female,228.204.178.131,https://robohash.org/liberolaborumquasi.png?size=50x50&set=set1
95,colivella2m@china.com.cn,O8ObdBQs,Carney Olivella,Female,71.75.198.158,https://robohash.org/illoautqui.jpg?size=50x50&set=set1
96,afreeberne2n@delicious.com,BWj14FrbpKA,Aldo Freeberne,Male,138.90.106.181,https://robohash.org/accusamusvoluptatemnam.jpg?size=50x50&set=set1
97,ssirman2o@naver.com,ry96fvOEH3J5,Sibylla Sirman,Female,225.84.202.42,https://robohash.org/esttenetureum.png?size=50x50&set=set1
98,spletts2p@woothemes.com,Z5M41Tt0,Suellen Pletts,Male,145.125.178.41,https://robohash.org/suntminimaquaerat.bmp?size=50x50&set=set1
99,lmishow2q@irs.gov,cNEBAZrYU33,Layne Mishow,Male,37.153.158.34,https://robohash.org/etexpossimus.bmp?size=50x50&set=set1
100,ibasketfield2r@illinois.edu,xVMLWiUXqNO,Isa Basketfield,Male,163.125.0.127,https://robohash.org/ullamerrorexpedita.jpg?size=50x50&set=set1
